{"61cce70d1529e":{"id":"61cce70d1529e","name":"Nuszpl Botond","username":"nbotond","pwd":"$2y$10$9jmFRX03VqiqYEVOjjXXy.zLvoxOFxS.lLh7up8S15hLKCVpGAryS","email":"nuszplbotond@gmail.com","roles":["user","admin"],"favorites":{"2":"chelsea","6":"liverpool"}},"61ce148e9bf88":{"id":"61ce148e9bf88","name":"admin","username":"admin","pwd":"$2y$10$o1bP9Y0d6iIEhK\/iM6tePeFw8RAo2za.qGSOGrjZ.kPYYUjH1cQai","email":"admin@elstadion.com","roles":["user","admin"],"favorites":{"4":"intermilan","6":"ajax","8":"arsenal","9":"parissaint"}},"61d44ca59cd89":{"id":"61d44ca59cd89","name":"Lakatos Rost\u00e1s L\u00e1nszelott 3rd Hulio Dzsepetto","username":"lakatos","pwd":"$2y$10$SYo8h9h1r3\/g5th9VcF5GulQep960w82qn0Q96GM4zRge11Ov1RZm","email":"lakatos@gmail.com","roles":["user"],"favorites":[]}}