[{"id":"juventus","win":11,"lose":3,"draw":4,"points":37},{"id":"bayern","win":11,"lose":0,"draw":3,"points":36},{"id":"realmadrid","win":8,"lose":4,"draw":3,"points":27},{"id":"chelsea","win":9,"lose":7,"draw":0,"points":27},{"id":"liverpool","win":8,"lose":6,"draw":2,"points":26},{"id":"arsenal","win":5,"lose":8,"draw":2,"points":17},{"id":"intermilan","win":5,"lose":10,"draw":1,"points":16},{"id":"parissaint","win":4,"lose":8,"draw":4,"points":16},{"id":"mancity","win":4,"lose":8,"draw":3,"points":15},{"id":"ajax","win":1,"lose":12,"draw":2,"points":5}]