{
    "matchid1": {
        "id": "matchid1",
        "date": "2007-03-07",
        "team1": "bayern",
        "team1-score": 1,
        "team2": "liverpool",
        "team2-score": 1
    },
    "matchid2": {
        "id": "matchid2",
        "date": "2021-08-28",
        "team1": "bayern",
        "team1-score": "1",
        "team2": "realmadrid",
        "team2-score": "0"
    },
    "matchid3": {
        "id": "matchid3",
        "date": "2021-03-10",
        "team1": "bayern",
        "team1-score": "6",
        "team2": "mancity",
        "team2-score": "3"
    },
    "matchid4": {
        "id": "matchid4",
        "date": "2020-08-29",
        "team1": "bayern",
        "team1-score": "4",
        "team2": "intermilan",
        "team2-score": "0"
    },
    "matchid5": {
        "id": "matchid5",
        "date": "2022-04-01",
        "team1": "bayern",
        "team1-score": "",
        "team2": "ajax",
        "team2-score": ""
    },
    "matchid6": {
        "id": "matchid6",
        "date": "2020-12-12",
        "team1": "bayern",
        "team1-score": "6",
        "team2": "chelsea",
        "team2-score": "0"
    },
    "matchid7": {
        "id": "matchid7",
        "date": "2021-09-17",
        "team1": "bayern",
        "team1-score": 3,
        "team2": "parissaint",
        "team2-score": 2
    },
    "matchid8": {
        "id": "matchid8",
        "date": "2021-05-08",
        "team1": "bayern",
        "team1-score": 0,
        "team2": "juventus",
        "team2-score": 0
    },
    "matchid9": {
        "id": "matchid9",
        "date": "2022-12-27",
        "team1": "bayern",
        "team1-score": "",
        "team2": "arsenal",
        "team2-score": ""
    },
    "matchid10": {
        "id": "matchid10",
        "date": "2021-11-06",
        "team1": "liverpool",
        "team1-score": "4",
        "team2": "bayern",
        "team2-score": "6"
    },
    "matchid12": {
        "id": "matchid12",
        "date": "2021-02-27",
        "team1": "liverpool",
        "team1-score": "3",
        "team2": "realmadrid",
        "team2-score": "5"
    },
    "matchid13": {
        "id": "matchid13",
        "date": "2020-10-23",
        "team1": "liverpool",
        "team1-score": "1",
        "team2": "mancity",
        "team2-score": "1"
    },
    "matchid14": {
        "id": "matchid14",
        "date": "2020-06-24",
        "team1": "liverpool",
        "team1-score": "4",
        "team2": "intermilan",
        "team2-score": "1"
    },
    "matchid15": {
        "id": "matchid15",
        "date": "2021-03-10",
        "team1": "liverpool",
        "team1-score": "6",
        "team2": "ajax",
        "team2-score": "4"
    },
    "matchid16": {
        "id": "matchid16",
        "date": "2022-03-14",
        "team1": "liverpool",
        "team1-score": "",
        "team2": "chelsea",
        "team2-score": ""
    },
    "matchid17": {
        "id": "matchid17",
        "date": "2020-03-09",
        "team1": "liverpool",
        "team1-score": "6",
        "team2": "parissaint",
        "team2-score": "4"
    },
    "matchid18": {
        "id": "matchid18",
        "date": "2021-10-26",
        "team1": "liverpool",
        "team1-score": 0,
        "team2": "juventus",
        "team2-score": 1
    },
    "matchid19": {
        "id": "matchid19",
        "date": "2020-06-11",
        "team1": "liverpool",
        "team1-score": "5",
        "team2": "arsenal",
        "team2-score": "0"
    },
    "matchid20": {
        "id": "matchid20",
        "date": "2022-09-05",
        "team1": "realmadrid",
        "team1-score": "",
        "team2": "bayern",
        "team2-score": ""
    },
    "matchid21": {
        "id": "matchid21",
        "date": "2021-02-05",
        "team1": "realmadrid",
        "team1-score": "1",
        "team2": "liverpool",
        "team2-score": "0"
    },
    "matchid23": {
        "id": "matchid23",
        "date": "2021-10-28",
        "team1": "realmadrid",
        "team1-score": 5,
        "team2": "mancity",
        "team2-score": 5
    },
    "matchid24": {
        "id": "matchid24",
        "date": "2020-09-31",
        "team1": "realmadrid",
        "team1-score": "2",
        "team2": "intermilan",
        "team2-score": "0"
    },
    "matchid25": {
        "id": "matchid25",
        "date": "2021-09-30",
        "team1": "realmadrid",
        "team1-score": "5",
        "team2": "ajax",
        "team2-score": "3"
    },
    "matchid26": {
        "id": "matchid26",
        "date": "2021-12-04",
        "team1": "realmadrid",
        "team1-score": "1",
        "team2": "chelsea",
        "team2-score": "0"
    },
    "matchid27": {
        "id": "matchid27",
        "date": "2022-10-23",
        "team1": "realmadrid",
        "team1-score": "",
        "team2": "parissaint",
        "team2-score": ""
    },
    "matchid28": {
        "id": "matchid28",
        "date": "2021-02-22",
        "team1": "realmadrid",
        "team1-score": 4,
        "team2": "juventus",
        "team2-score": 0
    },
    "matchid29": {
        "id": "matchid29",
        "date": "2021-08-14",
        "team1": "realmadrid",
        "team1-score": "6",
        "team2": "arsenal",
        "team2-score": "1"
    },
    "matchid30": {
        "id": "matchid30",
        "date": "2022-02-14",
        "team1": "mancity",
        "team1-score": "",
        "team2": "bayern",
        "team2-score": ""
    },
    "matchid31": {
        "id": "matchid31",
        "date": "2021-12-12",
        "team1": "mancity",
        "team1-score": "2",
        "team2": "liverpool",
        "team2-score": "6"
    },
    "matchid32": {
        "id": "matchid32",
        "date": "2020-03-25",
        "team1": "mancity",
        "team1-score": "0",
        "team2": "realmadrid",
        "team2-score": "1"
    },
    "matchid34": {
        "id": "matchid34",
        "date": "2022-10-27",
        "team1": "mancity",
        "team1-score": "",
        "team2": "intermilan",
        "team2-score": ""
    },
    "matchid35": {
        "id": "matchid35",
        "date": "2021-12-27",
        "team1": "mancity",
        "team1-score": "2",
        "team2": "ajax",
        "team2-score": "1"
    },
    "matchid36": {
        "id": "matchid36",
        "date": "2021-06-21",
        "team1": "mancity",
        "team1-score": "3",
        "team2": "chelsea",
        "team2-score": "0"
    },
    "matchid37": {
        "id": "matchid37",
        "date": "2020-08-25",
        "team1": "mancity",
        "team1-score": "1",
        "team2": "parissaint",
        "team2-score": "2"
    },
    "matchid38": {
        "id": "matchid38",
        "date": "2021-05-03",
        "team1": "mancity",
        "team1-score": "2",
        "team2": "juventus",
        "team2-score": "3"
    },
    "matchid39": {
        "id": "matchid39",
        "date": "2020-07-10",
        "team1": "mancity",
        "team1-score": "1",
        "team2": "arsenal",
        "team2-score": "1"
    },
    "matchid40": {
        "id": "matchid40",
        "date": "2021-02-28",
        "team1": "intermilan",
        "team1-score": "2",
        "team2": "bayern",
        "team2-score": "6"
    },
    "matchid41": {
        "id": "matchid41",
        "date": "2020-03-26",
        "team1": "intermilan",
        "team1-score": "1",
        "team2": "liverpool",
        "team2-score": "4"
    },
    "matchid42": {
        "id": "matchid42",
        "date": "2020-07-15",
        "team1": "intermilan",
        "team1-score": "4",
        "team2": "realmadrid",
        "team2-score": "4"
    },
    "matchid43": {
        "id": "matchid43",
        "date": "2020-04-25",
        "team1": "intermilan",
        "team1-score": "6",
        "team2": "mancity",
        "team2-score": "0"
    },
    "matchid45": {
        "id": "matchid45",
        "date": "2022-07-01",
        "team1": "intermilan",
        "team1-score": "",
        "team2": "ajax",
        "team2-score": ""
    },
    "matchid46": {
        "id": "matchid46",
        "date": "2020-06-23",
        "team1": "intermilan",
        "team1-score": "0",
        "team2": "chelsea",
        "team2-score": "5"
    },
    "matchid47": {
        "id": "matchid47",
        "date": "2021-10-01",
        "team1": "intermilan",
        "team1-score": 5,
        "team2": "parissaint",
        "team2-score": 1
    },
    "matchid48": {
        "id": "matchid48",
        "date": "2021-07-19",
        "team1": "intermilan",
        "team1-score": "6",
        "team2": "juventus",
        "team2-score": "1"
    },
    "matchid49": {
        "id": "matchid49",
        "date": "2020-08-16",
        "team1": "intermilan",
        "team1-score": "3",
        "team2": "arsenal",
        "team2-score": "2"
    },
    "matchid50": {
        "id": "matchid50",
        "date": "2020-04-27",
        "team1": "ajax",
        "team1-score": "5",
        "team2": "bayern",
        "team2-score": "6"
    },
    "matchid51": {
        "id": "matchid51",
        "date": "2022-06-24",
        "team1": "ajax",
        "team1-score": "",
        "team2": "liverpool",
        "team2-score": ""
    },
    "matchid52": {
        "id": "matchid52",
        "date": "2020-09-11",
        "team1": "ajax",
        "team1-score": "4",
        "team2": "realmadrid",
        "team2-score": "0"
    },
    "matchid53": {
        "id": "matchid53",
        "date": "2021-02-16",
        "team1": "ajax",
        "team1-score": "4",
        "team2": "mancity",
        "team2-score": "6"
    },
    "matchid54": {
        "id": "matchid54",
        "date": "2021-07-15",
        "team1": "ajax",
        "team1-score": "1",
        "team2": "intermilan",
        "team2-score": "2"
    },
    "matchid56": {
        "id": "matchid56",
        "date": "2021-10-21",
        "team1": "ajax",
        "team1-score": "0",
        "team2": "chelsea",
        "team2-score": "3"
    },
    "matchid57": {
        "id": "matchid57",
        "date": "2021-07-19",
        "team1": "ajax",
        "team1-score": "1",
        "team2": "parissaint",
        "team2-score": "1"
    },
    "matchid58": {
        "id": "matchid58",
        "date": "2020-07-15",
        "team1": "ajax",
        "team1-score": "4",
        "team2": "juventus",
        "team2-score": "6"
    },
    "matchid59": {
        "id": "matchid59",
        "date": "2020-03-14",
        "team1": "ajax",
        "team1-score": "0",
        "team2": "arsenal",
        "team2-score": "2"
    },
    "matchid60": {
        "id": "matchid60",
        "date": "2021-04-03",
        "team1": "chelsea",
        "team1-score": 0,
        "team2": "bayern",
        "team2-score": 1
    },
    "matchid61": {
        "id": "matchid61",
        "date": "2020-01-18",
        "team1": "chelsea",
        "team1-score": "2",
        "team2": "liverpool",
        "team2-score": "1"
    },
    "matchid62": {
        "id": "matchid62",
        "date": "2020-05-27",
        "team1": "chelsea",
        "team1-score": "3",
        "team2": "realmadrid",
        "team2-score": "2"
    },
    "matchid63": {
        "id": "matchid63",
        "date": "2022-02-19",
        "team1": "chelsea",
        "team1-score": "",
        "team2": "mancity",
        "team2-score": ""
    },
    "matchid64": {
        "id": "matchid64",
        "date": "2021-01-23",
        "team1": "chelsea",
        "team1-score": "5",
        "team2": "intermilan",
        "team2-score": "2"
    },
    "matchid65": {
        "id": "matchid65",
        "date": "2021-12-09",
        "team1": "chelsea",
        "team1-score": "5",
        "team2": "ajax",
        "team2-score": "4"
    },
    "matchid67": {
        "id": "matchid67",
        "date": "2021-02-07",
        "team1": "chelsea",
        "team1-score": "2",
        "team2": "parissaint",
        "team2-score": "1"
    },
    "matchid68": {
        "id": "matchid68",
        "date": "2021-05-27",
        "team1": "chelsea",
        "team1-score": "5",
        "team2": "juventus",
        "team2-score": "1"
    },
    "matchid69": {
        "id": "matchid69",
        "date": "2021-10-26",
        "team1": "chelsea",
        "team1-score": "4",
        "team2": "arsenal",
        "team2-score": "6"
    },
    "matchid70": {
        "id": "matchid70",
        "date": "2020-08-01",
        "team1": "parissaint",
        "team1-score": "1",
        "team2": "bayern",
        "team2-score": "2"
    },
    "matchid71": {
        "id": "matchid71",
        "date": "2021-11-15",
        "team1": "parissaint",
        "team1-score": "4",
        "team2": "liverpool",
        "team2-score": "5"
    },
    "matchid72": {
        "id": "matchid72",
        "date": "2021-05-04",
        "team1": "parissaint",
        "team1-score": "5",
        "team2": "realmadrid",
        "team2-score": "5"
    },
    "matchid73": {
        "id": "matchid73",
        "date": "2021-10-11",
        "team1": "parissaint",
        "team1-score": "5",
        "team2": "mancity",
        "team2-score": "6"
    },
    "matchid74": {
        "id": "matchid74",
        "date": "2021-03-30",
        "team1": "parissaint",
        "team1-score": "6",
        "team2": "intermilan",
        "team2-score": "0"
    },
    "matchid75": {
        "id": "matchid75",
        "date": "2021-10-28",
        "team1": "parissaint",
        "team1-score": "6",
        "team2": "ajax",
        "team2-score": "6"
    },
    "matchid76": {
        "id": "matchid76",
        "date": "2021-09-12",
        "team1": "parissaint",
        "team1-score": "5",
        "team2": "chelsea",
        "team2-score": "1"
    },
    "matchid78": {
        "id": "matchid78",
        "date": "2021-07-07",
        "team1": "parissaint",
        "team1-score": "1",
        "team2": "juventus",
        "team2-score": "6"
    },
    "matchid79": {
        "id": "matchid79",
        "date": "2021-12-06",
        "team1": "parissaint",
        "team1-score": "5",
        "team2": "arsenal",
        "team2-score": "2"
    },
    "matchid80": {
        "id": "matchid80",
        "date": "2021-06-21",
        "team1": "juventus",
        "team1-score": 0,
        "team2": "bayern",
        "team2-score": 0
    },
    "matchid81": {
        "id": "matchid81",
        "date": "2020-12-20",
        "team1": "juventus",
        "team1-score": "5",
        "team2": "liverpool",
        "team2-score": "1"
    },
    "matchid82": {
        "id": "matchid82",
        "date": "2020-09-23",
        "team1": "juventus",
        "team1-score": "6",
        "team2": "realmadrid",
        "team2-score": "5"
    },
    "matchid83": {
        "id": "matchid83",
        "date": "2020-05-12",
        "team1": "juventus",
        "team1-score": "3",
        "team2": "mancity",
        "team2-score": "1"
    },
    "matchid84": {
        "id": "matchid84",
        "date": "2021-01-06",
        "team1": "juventus",
        "team1-score": "4",
        "team2": "intermilan",
        "team2-score": "2"
    },
    "matchid85": {
        "id": "matchid85",
        "date": "2020-03-06",
        "team1": "juventus",
        "team1-score": 3,
        "team2": "ajax",
        "team2-score": 2
    },
    "matchid86": {
        "id": "matchid86",
        "date": "2020-11-25",
        "team1": "juventus",
        "team1-score": "6",
        "team2": "chelsea",
        "team2-score": "0"
    },
    "matchid87": {
        "id": "matchid87",
        "date": "2020-07-06",
        "team1": "juventus",
        "team1-score": "4",
        "team2": "parissaint",
        "team2-score": "4"
    },
    "matchid89": {
        "id": "matchid89",
        "date": "2021-12-23",
        "team1": "juventus",
        "team1-score": "6",
        "team2": "arsenal",
        "team2-score": "4"
    },
    "matchid90": {
        "id": "matchid90",
        "date": "2021-09-14",
        "team1": "arsenal",
        "team1-score": 3,
        "team2": "bayern",
        "team2-score": 4
    },
    "matchid91": {
        "id": "matchid91",
        "date": "2015-06-28",
        "team1": "arsenal",
        "team1-score": "1",
        "team2": "liverpool",
        "team2-score": "10"
    },
    "matchid92": {
        "id": "matchid92",
        "date": "2022-07-22",
        "team1": "arsenal",
        "team1-score": "",
        "team2": "realmadrid",
        "team2-score": ""
    },
    "matchid93": {
        "id": "matchid93",
        "date": "2020-05-26",
        "team1": "arsenal",
        "team1-score": "6",
        "team2": "mancity",
        "team2-score": "2"
    },
    "matchid94": {
        "id": "matchid94",
        "date": "2020-05-14",
        "team1": "arsenal",
        "team1-score": "4",
        "team2": "intermilan",
        "team2-score": "1"
    },
    "matchid95": {
        "id": "matchid95",
        "date": "2020-01-07",
        "team1": "arsenal",
        "team1-score": "5",
        "team2": "ajax",
        "team2-score": "0"
    },
    "matchid96": {
        "id": "matchid96",
        "date": "2021-02-12",
        "team1": "arsenal",
        "team1-score": "1",
        "team2": "chelsea",
        "team2-score": "5"
    },
    "matchid97": {
        "id": "matchid97",
        "date": "2022-03-17",
        "team1": "arsenal",
        "team1-score": "",
        "team2": "parissaint",
        "team2-score": ""
    },
    "matchid98": {
        "id": "matchid98",
        "date": "2021-09-28",
        "team1": "arsenal",
        "team1-score": "1",
        "team2": "juventus",
        "team2-score": "1"
    }
}